{
  "name": "fire",
  "character_config": {
    "name": "fire",
    "layers": [{ "filename": "BODY_male.png", "tile_size": 64 }]
  },
  "lights": [
    {
      "r": 200,
      "g": 0,
      "b": 0,
      "radius": 200,
      "mode": "soft",
      "flicker_range": 20,
      "flicker_rate": 1
    },
    {
      "r": 220,
      "g": 170,
      "b": 0,
      "radius": 200,
      "mode": "soft",
      "flicker_range": 40,
      "flicker_rate": 2
    },
    {
      "r": 100,
      "g": 100,
      "b": 100,
      "radius": 200,
      "mode": "soft",
      "flicker_range": 100,
      "flicker_rate": 1
    }
  ]
}
