{
  "name": "player",# unused name
  "character_config": { # character config data directly
    "name": "player",
    "layers": [ # layers used for the compiled texture, 0-back -1=front
      "BODY_male.png",
      "FEET_shoes_brown.png",
      "HANDS_plate_armor_gloves.png",
      "TORSO_chain_armor_torso.png",
      "LEGS_plate_armor_pants.png"
    ]
  },
  "health_types_names": ["flesh"], # names of health types
  "actions": [], # attacks that are inate to the entity, saves having to put inventory on enemies
  "level": 1,
  "TODO": "impliment level and scaling"
}
