{
  "name": "player",
  "character_config": {
    "name": "Nyx",
    "layers": [
      {
        "filename": "BODY_male.png",
        "tile_size": 64
      },
      {
        "filename": "FEET_shoes_brown.png",
        "tile_size": 64
      },
      {
        "filename": "HANDS_plate_armor_gloves.png",
        "tile_size": 64
      },
      {
        "filename": "TORSO_chain_armor_torso.png",
        "tile_size": 64
      },
      {
        "filename": "LEGS_plate_armor_pants.png",
        "tile_size": 64
      },
      {
        "filename": "HEAD_hair_blonde.png",
        "tile_size": 64
      }
    ],
    "sounds": {
      "hurt": "$Sounds/hit_2-16.wav",
      "death": "$Sounds/explode.wav",
      "walking": null
    }
  },
  "health_types_names": ["flesh"],
  "max_health": 9999,
  "actions": [],
  "level": 1,
  "TODO": "impliment level and scaling"
}
