{
  "name": "sword_3_dyn",
  "item_sprite": "swords/3.png",
  "animation_layer": { "filename": "WEAPON_sword_3_dyn.png", "tile_size": 192 },
  "can_be_dropped": true,
  "type": "weapon",
  "description": "test sword",
  "TODO": "have desc, and inventory options for the item, path to texture etc and attacks it provides, if provide attack then draw in character config, else not maybe",
  "provides_actions": ["slash_dynamic"],
  "dynamic_animation_points": {
    "bottom_x": 7,
    "bottom_y": 37,
    "top_x": 7,
    "top_y": 0
  },
  "knockback": 2,
  "types_names": ["slash"],
  "types_values": [8]
}
