{"MAP_FILE_NAME": "GameRoot/Map/arena-demo.tmx", "LAYER_NAME_FOREGROUND_COLLIDE": "TreesBottom", "LAYER_NAME_FOREGROUND_NO_COLLIDE": "TreesTop", "LAYER_NAME_BACKGROUND_NO_COLLIDE": "BuildingBottom", "LAYER_NAME_NO_COLLIDE_BACKGROUND_1": "NoCollideInBackOfPlayerCover", "LAYER_NAME_NO_COLLIDE_BACKGROUND_2": "NoCollideInBackOfPlayer", "LAYER_NAME_NO_COLLIDE_FOREGROUND_1": "NoCollideInFrontOfPlayerCover", "LAYER_NAME_NO_COLLIDE_FOREGROUND_2": "NoCollideInFrontOfPlayer", "LAYER_NAME_COLLIDE_WITH_ENTITIES": "CollideWithPlayer", "LAYER_NAME_BACKGROUND_GROUND_1": "GroundCover", "LAYER_NAME_BACKGROUND_GROUND_2": "Ground", "TILE_SPAWN_X": 51, "TILE_SPAWN_Y": 45, "TILE_SIZE_PX": 32}