{
  "MAP_FILE_NAME": "$Map/arena-demo-bl.tmx",
  "TILE_SPAWN_X": 29,
  "TILE_SPAWN_Y": 27,
  "ENEMY_SPAWN_ZONES": [
    {
      "CENTER_TILE_X": 23,
      "CENTER_TILE_Y": 9,
      "ENTITY": "skeleton",
      "RADIUS": 10,
      "MAX": -1,
      "DESIRED": 5,
      "RATE": 0.5
    }
  ],
  "STATIC_ENTITIES": [
    { "ENTITY": "fire", "CENTER_TILE_X": 4, "CENTER_TILE_Y": 5 },
    { "ENTITY": "fire", "CENTER_TILE_X": 31, "CENTER_TILE_Y": 5 },
    { "ENTITY": "fire", "CENTER_TILE_X": 31, "CENTER_TILE_Y": 20 },
    { "ENTITY": "fire", "CENTER_TILE_X": 31, "CENTER_TILE_Y": 29 },
    { "ENTITY": "fire", "CENTER_TILE_X": 31, "CENTER_TILE_Y": 13 },
    { "ENTITY": "fire", "CENTER_TILE_X": 18, "CENTER_TILE_Y": 20 },
    { "ENTITY": "fire", "CENTER_TILE_X": 14, "CENTER_TILE_Y": 8 },
    { "ENTITY": "fire", "CENTER_TILE_X": 18, "CENTER_TILE_Y": 25 },
    { "ENTITY": "sword_1_dyn", "CENTER_TILE_X": 22, "CENTER_TILE_Y": 27 },
    { "ENTITY": "lamp", "CENTER_TILE_X": 4, "CENTER_TILE_Y": 27 },
    { "ENTITY": "sword_3_dyn", "CENTER_TILE_X": 6, "CENTER_TILE_Y": 5 },
    { "ENTITY": "sword_2_dyn", "CENTER_TILE_X": 22, "CENTER_TILE_Y": 6 },
    { "ENTITY": "sword_4_dyn", "CENTER_TILE_X": 39, "CENTER_TILE_Y": 14 },
    { "ENTITY": "sword_5_dyn", "CENTER_TILE_X": 4, "CENTER_TILE_Y": 15 },
    { "ENTITY": "sword_6_dyn", "CENTER_TILE_X": 25, "CENTER_TILE_Y": 18 }
  ],
  "DYNAMIC_ENTITIES": [
    { "ENTITY": "skeleton", "CENTER_TILE_X": 9, "CENTER_TILE_Y": 23 },
    { "ENTITY": "skeleton", "CENTER_TILE_X": 4, "CENTER_TILE_Y": 8 },
    { "ENTITY": "skeleton", "CENTER_TILE_X": 9, "CENTER_TILE_Y": 8 },
    { "ENTITY": "skeleton", "CENTER_TILE_X": 6, "CENTER_TILE_Y": 9 }
  ]
}
