{
  "MAP_FILE_NAME": "$Map/arena-demo-bl.tmx",
  "TILE_SPAWN_X": 13,
  "TILE_SPAWN_Y": 16,
  "ENEMY_SPAWN_ZONES": [
    {
      "CENTER_TILE_X": 13,
      "CENTER_TILE_Y": 16,
      "ENTITY": "skeleton",
      "RADIUS": 30,
      "MAX": -1,
      "DESIRED": 5,
      "RATE": 0.5
    },
    {
      "CENTER_TILE_X": 13,
      "CENTER_TILE_Y": 16,
      "ENTITY": "fire",
      "RADIUS": 30,
      "MAX": 6,
      "DESIRED": 6,
      "RATE": 0.5
    }
  ],
  "STATIC_ENTITIES": [
    { "ENTITY": "fire", "CENTER_TILE_X": 3, "CENTER_TILE_Y": 4 },
    { "ENTITY": "fire", "CENTER_TILE_X": 31, "CENTER_TILE_Y": 4 }
  ],
  "DYNAMIC_ENTITIES": [
    { "CENTER_TILE_X": 3, "CENTER_TILE_Y": 28, "ENTITY": "fire" },
    { "CENTER_TILE_X": 31, "CENTER_TILE_Y": 28, "ENTITY": "fire" }
  ]
}
