{
  "(4, 0)": { "top_x": 106, "top_y": 87, "bottom_x": 113, "bottom_y": 94 },
  "(5, 0)": { "top_x": 116, "top_y": 87, "bottom_x": 116, "bottom_y": 98 },
  "(0, 1)": { "top_x": 76, "top_y": 109, "bottom_x": 87, "bottom_y": 109 },
  "(1, 1)": { "top_x": 75, "top_y": 119, "bottom_x": 83, "bottom_y": 111 },
  "(2, 1)": { "top_x": 95, "top_y": 118, "bottom_x": 86, "bottom_y": 111 },
  "(3, 1)": { "top_x": 71, "top_y": 116, "bottom_x": 78, "bottom_y": 107 },
  "(4, 1)": { "top_x": 64, "top_y": 101, "bottom_x": 75, "bottom_y": 96 },
  "(5, 1)": { "top_x": 65, "top_y": 97, "bottom_x": 76, "bottom_y": 97 },
  "(0, 2)": { "top_x": 95, "top_y": 111, "bottom_x": 106, "bottom_y": 111 },
  "(1, 2)": { "top_x": 89, "top_y": 110, "bottom_x": 100, "bottom_y": 110 },
  "(2, 2)": { "top_x": 84, "top_y": 101, "bottom_x": 92, "bottom_y": 109 },
  "(3, 2)": { "top_x": 91, "top_y": 110, "bottom_x": 102, "bottom_y": 110 },
  "(4, 2)": { "top_x": 114, "top_y": 120, "bottom_x": 114, "bottom_y": 109 },
  "(5, 2)": { "top_x": 126, "top_y": 113, "bottom_x": 118, "bottom_y": 105 },
  "(0, 3)": { "top_x": 115, "top_y": 109, "bottom_x": 104, "bottom_y": 109 },
  "(1, 3)": { "top_x": 116, "top_y": 119, "bottom_x": 107, "bottom_y": 112 },
  "(2, 3)": { "top_x": 97, "top_y": 117, "bottom_x": 105, "bottom_y": 109 },
  "(3, 3)": { "top_x": 120, "top_y": 116, "bottom_x": 112, "bottom_y": 108 },
  "(4, 3)": { "top_x": 127, "top_y": 101, "bottom_x": 115, "bottom_y": 97 },
  "(5, 3)": { "top_x": 126, "top_y": 97, "bottom_x": 115, "bottom_y": 97 },
  "tile_size": 192,
  "size_x": 1152,
  "size_y": 768
}
