{
  "name": "lamp",
  "item_sprite": "blaze_powder.png",
  "can_be_dropped": true,
  "description": "desc    eee",
  "type": "charm",
  "lights": [
    {
      "r": 240,
      "g": 0,
      "b": 0,
      "radius": 200,
      "mode": "soft",
      "flicker_range": 20,
      "flicker_rate": 1
    },
    {
      "r": 220,
      "g": 180,
      "b": 0,
      "radius": 200,
      "mode": "soft",
      "flicker_range": 40,
      "flicker_rate": 2
    },
    {
      "r": 80,
      "g": 80,
      "b": 80,
      "radius": 190,
      "mode": "soft",
      "flicker_range": 100,
      "flicker_rate": 1
    }
  ]
}
