{
  "name": "player1",
  "inventory_items": {
    "weapon": "sword_2_dyn",
    "slot_a": null,
    "slot_b": null,
    "slot_c": null,
    "slot_d": "sword_debug_inv_only",
    "weapon_seed": 1234,
    "slot_a_seed": 1234,
    "slot_b_seed": 1234,
    "slot_c_seed": 1234,
    "slot_d_seed": 1234
  },
  "character_config": {
    "name": "player",
    "layers": [
      "BODY_male.png",
      "FEET_shoes_brown.png",
      "HANDS_plate_armor_gloves.png",
      "TORSO_chain_armor_torso.png",
      "LEGS_plate_armor_pants.png"
    ]
  },
  "level": "arena"
}
